product_url,product_title,star_rating of product out of 5,number_of_ratings,mrp in Rs/-,sales_price in Rs/-,discount in %,seller_name,technical_details,additional_information,Brand,Model,Capacity in litres,Annual Energy Consumption,Installation Type,Part Number,Special Features,Oven Cooking Mode,Burner Type,Colour,Voltage,Wattage,Fuel Type,Defrost System,Door Orientation,Material,Included Components,Batteries Required,Manufacturer,Country of Origin,Energy Consumption,Batteries Included,Control Console,Imported By,Volume Capacity Name,Door Material,Form Factor,Certification,ASIN,Date First Available,Packer,Importer,Item Weight,Item Dimensions LxWxH,Net Quantity,Generic Name,Home & Kitchen Rank,Microwave Ovens Rank
https://www.amazon.in/Whirlpool-MAGICOOK-PRO-20SE-BLACK/dp/B07YWYGJYD/ref=sr_1_3?qid=1686464087&s=kitchen&sr=1-3,Whirlpool 20 L Solo Microwave Oven (MAGICOOK PRO 20SE BLACK),4.1,1564,8755,5920,32,DAWNTECH ELECTRONICS PRIVATE LIMITED,"{'Brand': 'Whirlpool', 'Model': 'MAGICOOK PRO 20SE BLACK', 'Capacity': '20 Kilograms', 'Annual Energy Consumption': '150 Watts', 'Installation Type': 'Countertop', 'Part Number': 'MAGICOOK PRO 20SE BLACK', 'Special Features': 'Auto_cook', 'Oven Cooking Mode': 'Solo', 'Burner Type': 'Ceran / Ceramic', 'Colour': 'Black', 'Voltage': '230 Volts', 'Wattage': '800 Watts', 'Fuel Type': 'Electric', 'Defrost System': 'Defrost', 'Door Orientation': 'Left', 'Material': 'Iron', 'Included Components': '1', 'Batteries Required': 'No', 'Manufacturer': 'Whirlpool of India Ltd', 'Country of Origin': 'China'}","{'ASIN': 'B07YWYGJYD', 'Customer Reviews': '4.1\n1,564 ratings\n4.1 out of 5 stars', 'Best Sellers Rank': '#1,329 in Home & Kitchen (See Top 100 in Home & Kitchen)\n#1 in Microwave Ovens', 'Date First Available': '13 December 2019', 'Manufacturer': 'Whirlpool of India Ltd, Whirlpool', 'Packer': 'Whirlpool', 'Importer': 'Whirlpool of India Ltd. Plot No. A-4, MIDC Ranjangaon,Taluka Shirur, Dist: Pune, Maharashtra 412220, India, Email - helpdeskindia@whirlpool.com ; Toll Free - 1800 208 1800', 'Item Weight': '2 kg 650 g', 'Item Dimensions LxWxH': '177.2 x 103.1 x 137.8 Centimeters', 'Net Quantity': '1 set', 'Generic Name': 'Microwave Ovens'}",Whirlpool,MAGICOOK PRO 20SE BLACK,20,150 Watts,Countertop,MAGICOOK PRO 20SE BLACK,Auto_cook,Solo,Ceran / Ceramic,Black,230 Volts,800 Watts,Electric,Defrost,Left,Iron,1,No,Whirlpool of India Ltd,China,,,,,,,,,B07YWYGJYD,13 December 2019,Whirlpool,"Whirlpool of India Ltd. Plot No. A-4, MIDC Ranjangaon,Taluka Shirur, Dist: Pune, Maharashtra 412220, India, Email - helpdeskindia@whirlpool.com ; Toll Free - 1800 208 1800",2 kg 650 g,177.2 x 103.1 x 137.8 Centimeters,1 set,Microwave Ovens,1329,1
https://www.amazon.in/Panasonic-Microwave-NN-ST26JMFDG-Silver-Menus/dp/B08CL8XF75/ref=sr_1_4?qid=1686464087&s=kitchen&sr=1-4,"Panasonic 20L Solo Microwave Oven (NN-ST26JMFDG, Silver, 51 Auto Menus)",4.4,4333,7490,5890,21,DAWNTECH ELECTRONICS PRIVATE LIMITED,"{'Brand': 'Panasonic', 'Model': 'NN-ST26JMFDG', 'Energy Consumption': '800 Watts', 'Capacity': '20 litres', 'Installation Type': 'Countertop', 'Part Number': 'NN-ST26JMFDG', 'Special Features': 'Oven Safe, Auto Cook, Defrost, Turntable', 'Oven Cooking Mode': 'Solo', 'Colour': 'Silver', 'Voltage': '230 Volts', 'Wattage': '800 Watts', 'Fuel Type': 'Electric', 'Defrost System': 'Defrost', 'Door Orientation': 'Left', 'Material': 'Iron', 'Included Components': 'MWO Unit, Turntable, Rotating Ring, User Manual', 'Batteries Included': 'No', 'Batteries Required': 'No', 'Manufacturer': 'Panasonic', 'Country of Origin': 'Thailand'}","{'ASIN': 'B08CL8XF75', 'Customer Reviews': '4.4\n4,333 ratings\n4.4 out of 5 stars', 'Best Sellers Rank': '#1,615 in Home & Kitchen (See Top 100 in Home & Kitchen)\n#2 in Microwave Ovens', 'Date First Available': '8 July 2020', 'Manufacturer': 'Panasonic, Panasonic', 'Packer': 'Panasonic', 'Importer': 'Panasonic', 'Item Weight': '10 kg 500 g', 'Item Dimensions LxWxH': '44.3 x 34 x 25.8 Centimeters', 'Net Quantity': '1 count', 'Generic Name': 'Microwave Ovens'}",Panasonic,NN-ST26JMFDG,20,,Countertop,NN-ST26JMFDG,"Oven Safe, Auto Cook, Defrost, Turntable",Solo,,Silver,230 Volts,800 Watts,Electric,Defrost,Left,Iron,"MWO Unit, Turntable, Rotating Ring, User Manual",No,Panasonic,Thailand,800 Watts,No,,,,,,,B08CL8XF75,8 July 2020,Panasonic,Panasonic,10 kg 500 g,44.3 x 34 x 25.8 Centimeters,1 count,Microwave Ovens,1615,2
https://www.amazon.in/IFB-Microwave-25PM2S-IFBJ0-Silver/dp/B085V1JD27/ref=sr_1_5?qid=1686464087&s=kitchen&sr=1-5,"IFB 25 L Solo Microwave Oven (25PM2S, Silver)",4.3,892,,,,,"{'Brand': 'IFB', 'Model': '25PM2S', 'Capacity': '25 litres', 'Installation Type': 'Freestanding', 'Part Number': '25PM2S', 'Special Features': '61 Auto-cook menus, Disinfect, Deodorize, Timer option, Power Save, Overheating Protection, Sensor Malfunction Protection', 'Oven Cooking Mode': 'Solo', 'Colour': 'Silver', 'Voltage': '230 Volts', 'Wattage': '50', 'Fuel Type': 'Electric', 'Defrost System': 'Defrost', 'Door Orientation': 'Left', 'Material': 'Stainless Steel', 'Included Components': '1 Microwave Oven, Warranty Card and User Manual', 'Batteries Required': 'No', 'Manufacturer': 'Guangdong Galanz Microwave Oven and Electrical Appliances Manufacturing Co. Ltd'}","{'ASIN': 'B085V1JD27', 'Customer Reviews': '4.3\n892 ratings\n4.3 out of 5 stars', 'Best Sellers Rank': '#2,486 in Home & Kitchen (See Top 100 in Home & Kitchen)\n#4 in Microwave Ovens', 'Date First Available': '12 March 2020', 'Manufacturer': 'Guangdong Galanz Microwave Oven and Electrical Appliances Manufacturing Co. Ltd, Guangdong Galanz Microwave Oven and Electrical Appliances Manufacturing Co. Ltd, Guangdong Galanz Microwave Oven and Electrical Appliances Manufacturing Co. Ltd No 3, East Xingpu Avenue, Huangpu Town, Zhonghshan City, Guangdong China ZIP 528429', 'Packer': 'IFB Industries Ltd.L-1, Verna, Goa, India-403722 0832-3044800/01 Customerservice@ifbglobal.com', 'Importer': 'IFB Industries Ltd.L-1, Verna, Goa, India-403722 0832-3044800/01 Customerservice@ifbglobal.com', 'Item Weight': '13 kg 400 g', 'Item Dimensions LxWxH': '41.5 x 48.3 x 28.1 Centimeters', 'Net Quantity': '1 Count', 'Generic Name': 'Microwave Ovens'}",IFB,25PM2S,25,,Freestanding,25PM2S,"61 Auto-cook menus, Disinfect, Deodorize, Timer option, Power Save, Overheating Protection, Sensor Malfunction Protection",Solo,,Silver,230 Volts,50,Electric,Defrost,Left,Stainless Steel,"1 Microwave Oven, Warranty Card and User Manual",No,Guangdong Galanz Microwave Oven and Electrical Appliances Manufacturing Co. Ltd,,,,,,,,,,B085V1JD27,12 March 2020,"IFB Industries Ltd.L-1, Verna, Goa, India-403722 0832-3044800/01 Customerservice@ifbglobal.com","IFB Industries Ltd.L-1, Verna, Goa, India-403722 0832-3044800/01 Customerservice@ifbglobal.com",13 kg 400 g,41.5 x 48.3 x 28.1 Centimeters,1 Count,Microwave Ovens,2486,4
https://www.amazon.in/Samsung-Convection-Microwave-MC28A5013AK-TL/dp/B09XBMXQ34/ref=sr_1_6?qid=1686464087&s=kitchen&sr=1-6,"Samsung 28 L Convection Microwave Oven (MC28A5013AK/TL, Black, Curd Anytime)",4.3,3652,15590,11590,26,DAWNTECH ELECTRONICS PRIVATE LIMITED,"{'Brand': 'Samsung', 'Model': 'MC28A5013AK/TL', 'Capacity': '28 litres', 'Installation Type': 'Freestanding', 'Part Number': 'MW5000H', 'Special Features': 'Defrost', 'Oven Cooking Mode': 'Grill, Microwave, Convection', 'Burner Type': 'Ceramic', 'Colour': 'Black', 'Voltage': '230 Volts', 'Wattage': '900 Watts', 'Fuel Type': 'Electric', 'Door Orientation': 'Left', 'Material': 'Body : Stainless Steel', 'Included Components': 'Glass Turntable, Wire Rack, Quick Guide Label', 'Batteries Required': 'No', 'Manufacturer': 'Samsung india Pvt Ltd', 'Country of Origin': 'Malaysia'}","{'ASIN': 'B09XBMXQ34', 'Customer Reviews': '4.3\n3,652 ratings\n4.3 out of 5 stars', 'Best Sellers Rank': '#3,068 in Home & Kitchen (See Top 100 in Home & Kitchen)\n#6 in Microwave Ovens', 'Date First Available': '6 April 2022', 'Manufacturer': 'Samsung india Pvt Ltd, Email: support.india@samsung.com Tel (Toll Free): 1800 40 7267864 (1800 40 SAMSUNG)', 'Packer': 'Email: support.india@samsung.com Tel (Toll Free): 1800 40 7267864 (1800 40 SAMSUNG)', 'Importer': 'Email: support.india@samsung.com Tel (Toll Free): 1800 40 7267864 (1800 40 SAMSUNG)', 'Item Weight': '17 kg 500 g', 'Item Dimensions LxWxH': '47.5 x 51.7 x 31 Centimeters', 'Net Quantity': '1 Case', 'Generic Name': 'Convection Microwave Oven'}",Samsung,MC28A5013AK/TL,28,,Freestanding,MW5000H,Defrost,"Grill, Microwave, Convection",Ceramic,Black,230 Volts,900 Watts,Electric,,Left,Body : Stainless Steel,"Glass Turntable, Wire Rack, Quick Guide Label",No,Samsung india Pvt Ltd,Malaysia,,,,,,,,,B09XBMXQ34,6 April 2022,Email: support.india@samsung.com Tel (Toll Free): 1800 40 7267864 (1800 40 SAMSUNG),Email: support.india@samsung.com Tel (Toll Free): 1800 40 7267864 (1800 40 SAMSUNG),17 kg 500 g,47.5 x 51.7 x 31 Centimeters,1 Case,Convection Microwave Oven,3068,6
https://www.amazon.in/Samsung-Convection-Microwave-CE1041DSB3-TL/dp/B09VH1Q7CM/ref=sr_1_7?qid=1686464087&s=kitchen&sr=1-7,"Samsung 28 L Convection Microwave Oven (CE1041DSB3/TL, Black, SlimFry)",4.4,7751,16990,12390,27,DAWNTECH ELECTRONICS PRIVATE LIMITED,"{'Brand': 'Samsung', 'Model': 'CE1041DSB3/TL', 'Capacity': '28 litres', 'Installation Type': 'Freestanding', 'Part Number': 'VG-SCLA00G/XL', 'Special Features': 'Defrost', 'Oven Cooking Mode': 'Grill, Microwave, Convection', 'Burner Type': 'Ceramic', 'Colour': 'Black', 'Voltage': '230 Volts', 'Wattage': '900 Watts', 'Fuel Type': 'Electric', 'Door Orientation': 'Left', 'Material': 'Cavity : Ceramic Enamel Cavity, Door : Glass, Body : Stainless Steel', 'Included Components': 'Glass Turntable, Wire Rack, Crusty Plate, Quick Guide Label', 'Batteries Included': 'No', 'Batteries Required': 'No', 'Manufacturer': 'Samsung', 'Country of Origin': 'Malaysia'}","{'ASIN': 'B09VH1Q7CM', 'Customer Reviews': '4.4\n7,751 ratings\n4.4 out of 5 stars', 'Best Sellers Rank': '#5,366 in Home & Kitchen (See Top 100 in Home & Kitchen)\n#9 in Microwave Ovens', 'Date First Available': '14 March 2022', 'Manufacturer': 'Samsung, Email: support.india@samsung.com Tel (Toll Free): 1800 40 7267864 (1800 40 SAMSUNG)', 'Packer': 'Email: support.india@samsung.com Tel (Toll Free): 1800 40 7267864 (1800 40 SAMSUNG)', 'Importer': 'Email: support.india@samsung.com Tel (Toll Free): 1800 40 7267864 (1800 40 SAMSUNG)', 'Item Weight': '17 kg 500 g', 'Item Dimensions LxWxH': '47.5 x 51.7 x 31 Centimeters', 'Net Quantity': '1 Case', 'Generic Name': 'Convection Microwave Oven'}",Samsung,CE1041DSB3/TL,28,,Freestanding,VG-SCLA00G/XL,Defrost,"Grill, Microwave, Convection",Ceramic,Black,230 Volts,900 Watts,Electric,,Left,"Cavity : Ceramic Enamel Cavity, Door : Glass, Body : Stainless Steel","Glass Turntable, Wire Rack, Crusty Plate, Quick Guide Label",No,Samsung,Malaysia,,No,,,,,,,B09VH1Q7CM,14 March 2022,Email: support.india@samsung.com Tel (Toll Free): 1800 40 7267864 (1800 40 SAMSUNG),Email: support.india@samsung.com Tel (Toll Free): 1800 40 7267864 (1800 40 SAMSUNG),17 kg 500 g,47.5 x 51.7 x 31 Centimeters,1 Case,Convection Microwave Oven,5366,9
https://www.amazon.in/Panasonic-Solo-Microwave-NN-SM25JBFDG-Black/dp/B08DYCWC9R/ref=sr_1_8?qid=1686464087&s=kitchen&sr=1-8,"Panasonic 20L Solo Microwave Oven (NN-SM25JBFDG,Black)",4.4,2565,6790,5490,19,DAWNTECH ELECTRONICS PRIVATE LIMITED,"{'Brand': 'Panasonic', 'Model': 'NN-SM25JBFDG', 'Energy Consumption': '800 Watts', 'Capacity': '20 litres', 'Installation Type': 'Countertop', 'Part Number': 'NN-SM25JBFDG', 'Special Features': 'Auto_cook', 'Oven Cooking Mode': 'Solo', 'Colour': 'Black', 'Voltage': '230 Volts', 'Wattage': '800 Watts', 'Fuel Type': 'Electric', 'Defrost System': 'Defrost', 'Door Orientation': 'Left', 'Material': 'Stainless Steel', 'Included Components': 'User Manual, Warranty Card', 'Batteries Required': 'No', 'Manufacturer': 'Panasonic', 'Country of Origin': 'Thailand'}","{'ASIN': 'B08DYCWC9R', 'Customer Reviews': '4.4\n2,565 ratings\n4.4 out of 5 stars', 'Best Sellers Rank': '#4,291 in Home & Kitchen (See Top 100 in Home & Kitchen)\n#2 in Solo Microwaves', 'Date First Available': '30 July 2020', 'Manufacturer': 'Panasonic, Panasonic', 'Packer': 'Panasonic India Private Limited,12th Floor, Ambience Tower, Ambience Island, NH-8, Gurgaon -122002, Haryana', 'Importer': 'Panasonic India Private Limited,12th Floor, Ambience Tower, Ambience Island, NH-8, Gurgaon -122002, Haryana', 'Item Weight': '10 kg 500 g', 'Item Dimensions LxWxH': '44 x 34 x 26 Centimeters', 'Net Quantity': '1 count', 'Generic Name': 'Microwave Ovens'}",Panasonic,NN-SM25JBFDG,20,,Countertop,NN-SM25JBFDG,Auto_cook,Solo,,Black,230 Volts,800 Watts,Electric,Defrost,Left,Stainless Steel,"User Manual, Warranty Card",No,Panasonic,Thailand,800 Watts,,,,,,,,B08DYCWC9R,30 July 2020,"Panasonic India Private Limited,12th Floor, Ambience Tower, Ambience Island, NH-8, Gurgaon -122002, Haryana","Panasonic India Private Limited,12th Floor, Ambience Tower, Ambience Island, NH-8, Gurgaon -122002, Haryana",10 kg 500 g,44 x 34 x 26 Centimeters,1 count,Microwave Ovens,4291,2 in Solo Microwaves
https://www.amazon.in/IFB-Litre-Microwave-20PM-MEC2-White/dp/B09HMGHFB6/ref=sr_1_9?qid=1686464087&s=kitchen&sr=1-9,IFB 20 Litre Solo Microwave Oven (20PM-MEC2) White,4.3,3704,7190,6090,15,DAWNTECH ELECTRONICS PRIVATE LIMITED,"{'Brand': 'IFB', 'Model': '20PM-MEC2', 'Capacity': '20 litres', 'Annual Energy Consumption': '240 Kilowatt Hours', 'Installation Type': 'Countertop', 'Part Number': '20PM-MEC2-WH', 'Special Features': 'Turntable', 'Oven Cooking Mode': 'Convection', 'Colour': 'Black', 'Control Console': 'Full panel', 'Voltage': '230 Volts', 'Wattage': '1200 Watts', 'Fuel Type': 'Electric', 'Defrost System': 'Defrost', 'Door Orientation': 'Left', 'Material': 'Stainless Steel', 'Included Components': 'Warranty Card, User Manual, Starter Kit', 'Batteries Required': 'No', 'Manufacturer': 'IFB Industries Ltd.', 'Country of Origin': 'China'}","{'ASIN': 'B09HMGHFB6', 'Customer Reviews': '4.3\n3,704 ratings\n4.3 out of 5 stars', 'Best Sellers Rank': '#6,371 in Home & Kitchen (See Top 100 in Home & Kitchen)\n#12 in Microwave Ovens', 'Date First Available': '1 October 2021', 'Manufacturer': 'IFB Industries Ltd., Guangdong Galanz Microwave Oven and Electrical Appliances Manufacturing Co. Ltd, Guangdong Galanz Microwave Oven and Electrical Appliances Manufacturing Co. Ltd No 3, East Xingpu Avenue, Huangpu Town, Zhonghshan City, Guangdong China ZIP 528429', 'Packer': 'IFB Industries Ltd.L-1, Verna, Goa, India-403722 0832-3044800/01 Customerservice@ifbglobal.com', 'Importer': 'IFB Industries Ltd.L-1, Verna, Goa, India-403722 0832-3044800/01 Customerservice@ifbglobal.com', 'Item Weight': '10 kg 800 g', 'Item Dimensions LxWxH': '35.5 x 25.9 x 44 Centimeters', 'Net Quantity': '1 Count', 'Generic Name': 'Microwave Ovens'}",IFB,20PM-MEC2,20,240 Kilowatt Hours,Countertop,20PM-MEC2-WH,Turntable,Convection,,Black,230 Volts,1200 Watts,Electric,Defrost,Left,Stainless Steel,"Warranty Card, User Manual, Starter Kit",No,IFB Industries Ltd.,China,,,Full panel,,,,,,B09HMGHFB6,1 October 2021,"IFB Industries Ltd.L-1, Verna, Goa, India-403722 0832-3044800/01 Customerservice@ifbglobal.com","IFB Industries Ltd.L-1, Verna, Goa, India-403722 0832-3044800/01 Customerservice@ifbglobal.com",10 kg 800 g,35.5 x 25.9 x 44 Centimeters,1 Count,Microwave Ovens,6371,12
https://www.amazon.in/IFB-Convection-Microwave-30BRC2-Black/dp/B016ZLKJSU/ref=sr_1_10?qid=1686464087&s=kitchen&sr=1-10,"IFB 30 L Convection Microwave Oven (30BRC2, Black, With Starter Kit)",4.3,5308,19390,14990,23,DAWNTECH ELECTRONICS PRIVATE LIMITED,"{'Brand': 'IFB', 'Model': '30BRC2', 'Capacity': '30 litres', 'Installation Type': 'Countertop', 'Part Number': '30BRC2', 'Special Features': '101 Standard Menus, Various Cooking Mode, Convection Temperature (40~200 ℃), Preheat, Keep Warm, Auto Programs, Auto Cook, Sound on/off, Ceramic', 'Oven Cooking Mode': 'Convection', 'Colour': 'Black', 'Wattage': '800 Watts', 'Fuel Type': 'Electric', 'Defrost System': 'Defrost', 'Door Orientation': 'Left', 'Material': 'Other material', 'Included Components': '1 Microwave Oven, Warranty Card, User Manual and Starter Kit', 'Batteries Included': 'No', 'Batteries Required': 'No', 'Manufacturer': 'Guangdong Galanz Microwave Oven and Electrical Appliances Manufacturing Co. Ltd', 'Country of Origin': 'China'}","{'ASIN': 'B016ZLKJSU', 'Customer Reviews': '4.3\n5,308 ratings\n4.3 out of 5 stars', 'Best Sellers Rank': '#5,567 in Home & Kitchen (See Top 100 in Home & Kitchen)\n#10 in Microwave Ovens', 'Date First Available': '22 October 2015', 'Manufacturer': 'Guangdong Galanz Microwave Oven and Electrical Appliances Manufacturing Co. Ltd, Guangdong Galanz Microwave Oven and Electrical Appliances Manufacturing Co. Ltd', 'Packer': 'IFB Industries Ltd.L-1, Verna, Goa, India-403722 0832-3044800/01 Customerservice@ifbglobal.com', 'Importer': 'IFB Industries Ltd.L-1, Verna, Goa, India-403722 0832-3044800/01 Customerservice@ifbglobal.com', 'Item Weight': '9 kg 100 g', 'Item Dimensions LxWxH': '44 x 53.9 x 30 Centimeters', 'Net Quantity': '1 Count', 'Generic Name': 'Microwave Oven'}",IFB,30BRC2,30,,Countertop,30BRC2,"101 Standard Menus, Various Cooking Mode, Convection Temperature (40~200 ℃), Preheat, Keep Warm, Auto Programs, Auto Cook, Sound on/off, Ceramic",Convection,,Black,,800 Watts,Electric,Defrost,Left,Other material,"1 Microwave Oven, Warranty Card, User Manual and Starter Kit",No,Guangdong Galanz Microwave Oven and Electrical Appliances Manufacturing Co. Ltd,China,,No,,,,,,,B016ZLKJSU,22 October 2015,"IFB Industries Ltd.L-1, Verna, Goa, India-403722 0832-3044800/01 Customerservice@ifbglobal.com","IFB Industries Ltd.L-1, Verna, Goa, India-403722 0832-3044800/01 Customerservice@ifbglobal.com",9 kg 100 g,44 x 53.9 x 30 Centimeters,1 Count,Microwave Oven,5567,10
https://www.amazon.in/Bajaj-Microwave-1701-MT-White/dp/B00F15AFPY/ref=sr_1_11?qid=1686464087&s=kitchen&sr=1-11,"Bajaj 1701 MT 17L Solo Microwave Oven, White",4.3,5272,6299,4899,22,DAWNTECH ELECTRONICS PRIVATE LIMITED,"{'Brand': 'Bajaj', 'Model': '1701 MT', 'Capacity': '17 litres', 'Installation Type': 'Countertop', 'Part Number': '490033', 'Special Features': 'Auto_cook', 'Oven Cooking Mode': 'Solo', 'Colour': 'White', 'Wattage': '800 Watts', 'Fuel Type': 'Electric', 'Defrost System': 'Defrost', 'Door Orientation': 'Left', 'Included Components': '1', 'Batteries Included': 'No', 'Batteries Required': 'No', 'Manufacturer': 'Bajaj Electricals Ltd', 'Country of Origin': 'China', 'Imported By': 'Imported and Marketed by Bajaj Electricals Ltd 45/47, Veer Nariman Road, Mumbai, 400001'}","{'ASIN': 'B00F15AFPY', 'Customer Reviews': '4.3\n5,272 ratings\n4.3 out of 5 stars', 'Best Sellers Rank': '#2,639 in Home & Kitchen (See Top 100 in Home & Kitchen)\n#5 in Microwave Ovens', 'Date First Available': '7 September 2013', 'Manufacturer': 'Bajaj Electricals Ltd, Bajaj', 'Packer': 'Bajaj', 'Importer': 'Bajaj', 'Item Weight': '2 kg 490 g', 'Item Dimensions LxWxH': '110.2 x 158.3 x 83.5 Centimeters', 'Net Quantity': '1 set', 'Generic Name': 'Solo Microwave'}",Bajaj,1701 MT,17,,Countertop,490033,Auto_cook,Solo,,White,,800 Watts,Electric,Defrost,Left,,1,No,Bajaj Electricals Ltd,China,,No,,"Imported and Marketed by Bajaj Electricals Ltd 45/47, Veer Nariman Road, Mumbai, 400001",,,,,B00F15AFPY,7 September 2013,Bajaj,Bajaj,2 kg 490 g,110.2 x 158.3 x 83.5 Centimeters,1 set,Solo Microwave,2639,5
https://www.amazon.in/LG-Solo-Microwave-MS2043DB-Black/dp/B00M52J2QY/ref=sr_1_12?qid=1686464087&s=kitchen&sr=1-12,"LG 20 L Solo Microwave Oven (MS2043DB, Black)",4.3,2093,,,,,"{'Brand': 'LG', 'Model': 'MS2043DB', 'Capacity': '20 litres', 'Volume Capacity Name': '20 litres', 'Installation Type': 'Countertop', 'Part Number': 'MS2043DB', 'Special Features': 'Programmable, Programmable, Auto_cook, Control_panel_lock, Defrost, Interior_light, Self-cleaning, Timer, Turntable', 'Oven Cooking Mode': 'Solo', 'Colour': 'Black', 'Voltage': '70 Volts', 'Wattage': '700 Watts', 'Defrost System': 'Defrost', 'Door Orientation': 'Left', 'Material': 'Others', 'Included Components': '1', 'Batteries Included': 'No', 'Batteries Required': 'No', 'Manufacturer': 'LG'}","{'ASIN': 'B00M52J2QY', 'Customer Reviews': '4.3\n2,093 ratings\n4.3 out of 5 stars', 'Best Sellers Rank': '#2,124 in Home & Kitchen (See Top 100 in Home & Kitchen)\n#1 in Solo Microwaves', 'Date First Available': '26 July 2014', 'Manufacturer': 'LG, LG', 'Packer': 'LG', 'Importer': 'LG', 'Item Weight': '2 kg 710 g', 'Item Dimensions LxWxH': '179.1 x 99.2 x 126 Centimeters', 'Net Quantity': '1 set', 'Generic Name': 'Microwave Oven'}",LG,MS2043DB,20,,Countertop,MS2043DB,"Programmable, Programmable, Auto_cook, Control_panel_lock, Defrost, Interior_light, Self-cleaning, Timer, Turntable",Solo,,Black,70 Volts,700 Watts,,Defrost,Left,Others,1,No,LG,,,No,,,20 litres,,,,B00M52J2QY,26 July 2014,LG,LG,2 kg 710 g,179.1 x 99.2 x 126 Centimeters,1 set,Microwave Oven,2124,1 in Solo Microwaves
https://www.amazon.in/LG-Convection-Microwave-MC2846BV-Black/dp/B06XKC8S71/ref=sr_1_13?qid=1686464087&s=kitchen&sr=1-13,"LG 28 L Convection Microwave Oven (MC2846BV, Black)",4.4,2574,16999,11990,29,DAWNTECH ELECTRONICS PRIVATE LIMITED,"{'Brand': 'LG', 'Model': 'MC2846BV', 'Capacity': '28 litres', 'Installation Type': 'Countertop', 'Part Number': 'MC2846BV', 'Special Features': 'Touch Panel', 'Oven Cooking Mode': 'Convection', 'Colour': 'Black', 'Fuel Type': 'Electric', 'Defrost System': 'Defrost', 'Door Orientation': 'Left', 'Batteries Included': 'No', 'Batteries Required': 'No', 'Manufacturer': 'LG', 'Country of Origin': 'India'}","{'ASIN': 'B06XKC8S71', 'Customer Reviews': '4.4\n2,574 ratings\n4.4 out of 5 stars', 'Best Sellers Rank': '#4,658 in Home & Kitchen (See Top 100 in Home & Kitchen)\n#8 in Microwave Ovens', 'Date First Available': '14 March 2017', 'Manufacturer': 'LG', 'Item Weight': '20 kg 600 g', 'Item Dimensions LxWxH': '42.5 x 23.5 x 41 Centimeters', 'Generic Name': 'Microwave Oven'}",LG,MC2846BV,28,,Countertop,MC2846BV,Touch Panel,Convection,,Black,,,Electric,Defrost,Left,,,No,LG,India,,No,,,,,,,B06XKC8S71,14 March 2017,,,20 kg 600 g,42.5 x 23.5 x 41 Centimeters,,Microwave Oven,4658,8
https://www.amazon.in/Panasonic-Convection-Microwave-NN-CT353BFDG-Mirror/dp/B00KPSSPZY/ref=sr_1_14?qid=1686464087&s=kitchen&sr=1-14,"Panasonic 23L Convection Microwave Oven(NN-CT353BFDG,Black Mirror, 360° Heat Wrap, Magic Grill)",4.5,1428,14990,10290,31,DAWNTECH ELECTRONICS PRIVATE LIMITED,"{'Brand': 'Panasonic', 'Model': 'NN-CT353BFDG', 'Energy Consumption': '800 Watts', 'Capacity': '23 litres', 'Volume Capacity Name': '23 litres', 'Installation Type': 'Countertop', 'Part Number': 'NN-CT353BFDG', 'Special Features': 'Auto_cook', 'Oven Cooking Mode': 'Convection', 'Colour': 'Black', 'Wattage': '800 Watts', 'Defrost System': 'Defrost', 'Door Orientation': 'Left', 'Included Components': '1', 'Batteries Included': 'No', 'Batteries Required': 'No', 'Manufacturer': 'Panasonic', 'Country of Origin': 'Thailand'}","{'ASIN': 'B00KPSSPZY', 'Customer Reviews': '4.5\n1,428 ratings\n4.5 out of 5 stars', 'Best Sellers Rank': '#7,912 in Home & Kitchen (See Top 100 in Home & Kitchen)\n#14 in Microwave Ovens', 'Date First Available': '2 June 2014', 'Manufacturer': 'Panasonic, Panasonic', 'Packer': 'Panasonic', 'Importer': 'Panasonic', 'Item Weight': '2 kg 630 g', 'Item Dimensions LxWxH': '190 x 115 x 135 Centimeters', 'Net Quantity': '1 set'}",Panasonic,NN-CT353BFDG,23,,Countertop,NN-CT353BFDG,Auto_cook,Convection,,Black,,800 Watts,,Defrost,Left,,1,No,Panasonic,Thailand,800 Watts,No,,,23 litres,,,,B00KPSSPZY,2 June 2014,Panasonic,Panasonic,2 kg 630 g,190 x 115 x 135 Centimeters,1 set,,7912,14
https://www.amazon.in/IFB-Convection-Microwave-20SC2-Metallic/dp/B00A7PGI18/ref=sr_1_15?qid=1686464087&s=kitchen&sr=1-15,"IFB 20 L Convection Microwave Oven (20SC2, Metallic Silver, With Starter Kit)",4.3,4883,14490,10690,26,DAWNTECH ELECTRONICS PRIVATE LIMITED,"{'Brand': 'IFB', 'Model': '20SC2', 'Capacity': '20 litres', 'Volume Capacity Name': '20 litres', 'Installation Type': 'Countertop', 'Part Number': '20SC2', 'Special Features': 'Auto_cook', 'Oven Cooking Mode': 'Convection', 'Colour': 'Silver', 'Voltage': '230 Volts', 'Wattage': '800 Watts', 'Fuel Type': 'Electric', 'Defrost System': 'Defrost', 'Door Orientation': 'Left', 'Included Components': '1 Microwave Oven, Warranty Card, User Manual and Starter Kit', 'Batteries Included': 'No', 'Batteries Required': 'No', 'Manufacturer': 'Guangdong Galanz Microwave Oven and Electrical Appliances Manufacturing Co. Ltd', 'Country of Origin': 'China'}","{'ASIN': 'B00A7PGI18', 'Customer Reviews': '4.3\n4,883 ratings\n4.3 out of 5 stars', 'Best Sellers Rank': '#8,638 in Home & Kitchen (See Top 100 in Home & Kitchen)\n#17 in Microwave Ovens', 'Date First Available': '15 November 2012', 'Manufacturer': 'Guangdong Galanz Microwave Oven and Electrical Appliances Manufacturing Co. Ltd, Guangdong Galanz Microwave Oven and Electrical Appliances Manufacturing Co. Ltd, Guangdong Galanz Microwave Oven and Electrical Appliances Manufacturing Co. Ltd No 3, East Xingpu Avenue, Huangpu Town, Zhonghshan City, Guangdong China ZIP 528429', 'Packer': 'IFB Industries Ltd.L-1, Verna, Goa, India-403722 0832-3044800/01 Customerservice@ifbglobal.com', 'Importer': 'IFB Industries Ltd.L-1, Verna, Goa, India-403722 0832-3044800/01 Customerservice@ifbglobal.com', 'Item Weight': '15 kg 100 g', 'Item Dimensions LxWxH': '39 x 45.2 x 26.2 Centimeters', 'Net Quantity': '1 Count', 'Generic Name': 'Microwave Oven'}",IFB,20SC2,20,,Countertop,20SC2,Auto_cook,Convection,,Silver,230 Volts,800 Watts,Electric,Defrost,Left,,"1 Microwave Oven, Warranty Card, User Manual and Starter Kit",No,Guangdong Galanz Microwave Oven and Electrical Appliances Manufacturing Co. Ltd,China,,No,,,20 litres,,,,B00A7PGI18,15 November 2012,"IFB Industries Ltd.L-1, Verna, Goa, India-403722 0832-3044800/01 Customerservice@ifbglobal.com","IFB Industries Ltd.L-1, Verna, Goa, India-403722 0832-3044800/01 Customerservice@ifbglobal.com",15 kg 100 g,39 x 45.2 x 26.2 Centimeters,1 Count,Microwave Oven,8638,17
https://www.amazon.in/Morphy-Richards-Convection-Microwave-30MCGR/dp/B008P7J5X8/ref=sr_1_16?qid=1686464087&s=kitchen&sr=1-16,"Morphy Richards 30 MCGR Deluxe 30L Convection Microwave Oven with Motorised Rotisserie, 200 Autocook Menus and Child Lock Feature, Black",4.2,238,19595,10990,44,DAWNTECH ELECTRONICS PRIVATE LIMITED,"{'Brand': 'Morphy Richards', 'Model': '30MCGR', 'Energy Consumption': '1450 Watts', 'Capacity': '30 litres', 'Volume Capacity Name': '30 litres', 'Installation Type': 'Countertop', 'Part Number': '790018', 'Special Features': 'Touch Panel', 'Oven Cooking Mode': 'Convection', 'Colour': 'Black', 'Voltage': '230 Volts', 'Wattage': '1450 Watts', 'Fuel Type': 'Electric', 'Defrost System': 'Defrost', 'Door Orientation': 'Left', 'Included Components': 'Convection microwave, Rotisserie set, Instruction manual, Wire rack, Baking plate, Customer care list and Warranty card', 'Batteries Included': 'No', 'Batteries Required': 'No', 'Manufacturer': 'Morphy Richards', 'Country of Origin': 'China'}","{'ASIN': 'B008P7J5X8', 'Customer Reviews': '4.2\n238 ratings\n4.2 out of 5 stars', 'Best Sellers Rank': '#9,479 in Home & Kitchen (See Top 100 in Home & Kitchen)\n#21 in Microwave Ovens', 'Date First Available': '26 July 2012', 'Manufacturer': 'Morphy Richards, Morphy Richards', 'Packer': 'Morphy Richards', 'Importer': 'Morphy Richards', 'Item Weight': '12 kg 100 g', 'Item Dimensions LxWxH': '18.5 x 17.5 x 10.8 Centimeters', 'Net Quantity': '1 set'}",Morphy Richards,30MCGR,30,,Countertop,790018,Touch Panel,Convection,,Black,230 Volts,1450 Watts,Electric,Defrost,Left,,"Convection microwave, Rotisserie set, Instruction manual, Wire rack, Baking plate, Customer care list and Warranty card",No,Morphy Richards,China,1450 Watts,No,,,30 litres,,,,B008P7J5X8,26 July 2012,Morphy Richards,Morphy Richards,12 kg 100 g,18.5 x 17.5 x 10.8 Centimeters,1 set,,9479,21
https://www.amazon.in/IFB-Litre-Microwave-20PM-MEC2B-Mechanical/dp/B09SF79M6Q/ref=sr_1_17?qid=1686464087&s=kitchen&sr=1-17,"IFB 20 Litre Solo Microwave Oven (20PM-MEC2B, Mechanical Knob,Black)",4.2,138,7290,6240,14,DAWNTECH ELECTRONICS PRIVATE LIMITED,"{'Brand': 'IFB', 'Model': 'IFB 20PM-MEC2B', 'Capacity': '20 litres', 'Installation Type': 'Countertop', 'Part Number': '20PM-MEC2B', 'Special Features': 'Anti bacterial cavity, Auto Defrost, Overheating Protection, Timer Option', 'Colour': 'Black', 'Voltage': '230 Volts', 'Wattage': '1200 Watts', 'Fuel Type': 'Electric', 'Defrost System': 'Defrost', 'Door Orientation': 'Left', 'Material': 'Stainless Steel', 'Included Components': '1 Microwave Oven, Warranty Card, User Manual and Starter Kit', 'Batteries Included': 'No', 'Batteries Required': 'No', 'Manufacturer': 'IFB Industries Ltd.', 'Country of Origin': 'China'}","{'ASIN': 'B09SF79M6Q', 'Customer Reviews': '4.2\n138 ratings\n4.2 out of 5 stars', 'Best Sellers Rank': '#12,216 in Home & Kitchen (See Top 100 in Home & Kitchen)\n#26 in Microwave Ovens', 'Date First Available': '9 February 2022', 'Manufacturer': 'IFB Industries Ltd., !FB Appliances Limited', 'Packer': 'IFB Industries Ltd , 14 Taratola Road, Kolkata, India', 'Importer': 'IFB Industries, Verna Industrial Estate, Goa - 403722', 'Item Weight': '8 kg', 'Item Dimensions LxWxH': '36.5 x 45.2 x 26.2 Centimeters', 'Net Quantity': '1 count', 'Generic Name': 'Solo Microwave Oven'}",IFB,IFB 20PM-MEC2B,20,,Countertop,20PM-MEC2B,"Anti bacterial cavity, Auto Defrost, Overheating Protection, Timer Option",,,Black,230 Volts,1200 Watts,Electric,Defrost,Left,Stainless Steel,"1 Microwave Oven, Warranty Card, User Manual and Starter Kit",No,IFB Industries Ltd.,China,,No,,,,,,,B09SF79M6Q,9 February 2022,"IFB Industries Ltd , 14 Taratola Road, Kolkata, India","IFB Industries, Verna Industrial Estate, Goa - 403722",8 kg,36.5 x 45.2 x 26.2 Centimeters,1 count,Solo Microwave Oven,12216,26
https://www.amazon.in/IFB-Convection-Microwave-30FRC2-Pattern/dp/B016XZP3DY/ref=sr_1_18?qid=1686464087&s=kitchen&sr=1-18,"IFB 30 L Convection Microwave Oven (30FRC2, Floral Pattern & Black, With Starter Kit)",4.4,2820,20990,15490,26,DAWNTECH ELECTRONICS PRIVATE LIMITED,"{'Brand': 'IFB', 'Model': '30FRC2', 'Energy Consumption': '800 Watts', 'Capacity': '30 litres', 'Volume Capacity Name': '30', 'Installation Type': 'Countertop', 'Part Number': 'NEPTUNE VX', 'Special Features': '101 Auto Cook Menus, Steam Clean, Disinfect, Deodorize, Timer option, Digital Clock, Power Save, Keep Warm, Overheating Protection, Sensor Malfunction Protection', 'Oven Cooking Mode': 'Convection', 'Colour': 'Black', 'Voltage': '230 Volts', 'Wattage': '800 Watts', 'Defrost System': 'Defrost', 'Door Orientation': 'Left', 'Door Material': 'Metal', 'Material': 'Metal', 'Included Components': '1 Microwave Oven, Warranty Card, User Manual and Starter Kit', 'Batteries Included': 'No', 'Batteries Required': 'No', 'Manufacturer': 'Guangdong Galanz Microwave Oven and Electrical Appliances Manufacturing Co. Ltd', 'Country of Origin': 'China'}","{'ASIN': 'B016XZP3DY', 'Customer Reviews': '4.4\n2,820 ratings\n4.4 out of 5 stars', 'Best Sellers Rank': '#10,887 in Home & Kitchen (See Top 100 in Home & Kitchen)\n#23 in Microwave Ovens', 'Date First Available': '21 October 2015', 'Manufacturer': 'Guangdong Galanz Microwave Oven and Electrical Appliances Manufacturing Co. Ltd, Guangdong Galanz Microwave Oven and Electrical Appliances Manufacturing Co. Ltd, Guangdong Galanz Microwave Oven and Electrical Appliances Manufacturing Co. Ltd No 3, East Xingpu Avenue, Huangpu Town, Zhonghshan City, Guangdong China ZIP 528429', 'Packer': 'IFB Industries Ltd.L-1, Verna, Goa, India-403722 0832-3044800/01 Customerservice@ifbglobal.com', 'Importer': 'IFB Industries Ltd.L-1, Verna, Goa, India-403722 0832-3044800/01 Customerservice@ifbglobal.com', 'Item Weight': '19 kg 300 g', 'Item Dimensions LxWxH': '44 x 53.9 x 30 Centimeters', 'Net Quantity': '1 Count', 'Generic Name': 'Microwave Oven'}",IFB,30FRC2,30,,Countertop,NEPTUNE VX,"101 Auto Cook Menus, Steam Clean, Disinfect, Deodorize, Timer option, Digital Clock, Power Save, Keep Warm, Overheating Protection, Sensor Malfunction Protection",Convection,,Black,230 Volts,800 Watts,,Defrost,Left,Metal,"1 Microwave Oven, Warranty Card, User Manual and Starter Kit",No,Guangdong Galanz Microwave Oven and Electrical Appliances Manufacturing Co. Ltd,China,800 Watts,No,,,30,Metal,,,B016XZP3DY,21 October 2015,"IFB Industries Ltd.L-1, Verna, Goa, India-403722 0832-3044800/01 Customerservice@ifbglobal.com","IFB Industries Ltd.L-1, Verna, Goa, India-403722 0832-3044800/01 Customerservice@ifbglobal.com",19 kg 300 g,44 x 53.9 x 30 Centimeters,1 Count,Microwave Oven,10887,23
https://www.amazon.in/IFB-Grill-Microwave-20PG4S-Silver/dp/B015AAV3PA/ref=sr_1_19?qid=1686464087&s=kitchen&sr=1-19,"IFB 20 L Grill Microwave Oven (20PG4S, Black & Silver, With Starter Kit)",4.2,499,10590,7950,25,DAWNTECH ELECTRONICS PRIVATE LIMITED,"{'Brand': 'IFB', 'Model': '20PG4S', 'Capacity': '20 litres', 'Volume Capacity Name': '20 litres', 'Installation Type': 'Countertop', 'Part Number': '20PG4S', 'Special Features': '61 auto-cook menu options, express cooking, auto reheat and deodorize, weight defrost, steam clean and multi stage', 'Oven Cooking Mode': 'Grill', 'Colour': 'Black', 'Wattage': '800 Watts', 'Fuel Type': 'Electric', 'Defrost System': 'Defrost', 'Door Orientation': 'Left', 'Material': 'Others', 'Included Components': '1 Microwave Oven, Warranty Card, User Manual and Starter Kit', 'Batteries Included': 'No', 'Batteries Required': 'No', 'Manufacturer': 'Guangdong Galanz Microwave Oven and Electrical Appliances Manufacturing Co. Ltd', 'Country of Origin': 'China'}","{'ASIN': 'B015AAV3PA', 'Customer Reviews': '4.2\n499 ratings\n4.2 out of 5 stars', 'Best Sellers Rank': '#12,906 in Home & Kitchen (See Top 100 in Home & Kitchen)\n#27 in Microwave Ovens', 'Date First Available': '12 September 2015', 'Manufacturer': 'Guangdong Galanz Microwave Oven and Electrical Appliances Manufacturing Co. Ltd, Guangdong Galanz Microwave Oven and Electrical Appliances Manufacturing Co. Ltd, Guangdong Galanz Microwave Oven and Electrical Appliances Manufacturing Co. Ltd No 3, East Xingpu Avenue, Huangpu Town, Zhonghshan City, Guangdong China ZIP 528429', 'Packer': 'IFB Industries, Verna Industrial Estate, Goa - 403722', 'Importer': 'IFB Industries, Verna Industrial Estate, Goa - 403722', 'Item Weight': '13 kg 300 g', 'Item Dimensions LxWxH': '39.1 x 45.2 x 26.2 Centimeters', 'Net Quantity': '1 Count', 'Generic Name': 'Microwave Ovens'}",IFB,20PG4S,20,,Countertop,20PG4S,"61 auto-cook menu options, express cooking, auto reheat and deodorize, weight defrost, steam clean and multi stage",Grill,,Black,,800 Watts,Electric,Defrost,Left,Others,"1 Microwave Oven, Warranty Card, User Manual and Starter Kit",No,Guangdong Galanz Microwave Oven and Electrical Appliances Manufacturing Co. Ltd,China,,No,,,20 litres,,,,B015AAV3PA,12 September 2015,"IFB Industries, Verna Industrial Estate, Goa - 403722","IFB Industries, Verna Industrial Estate, Goa - 403722",13 kg 300 g,39.1 x 45.2 x 26.2 Centimeters,1 Count,Microwave Ovens,12906,27
https://www.amazon.in/IFB-Convection-Microwave-30BC5-IFBJ0/dp/B08NQJVWGQ/ref=sr_1_20?qid=1686464087&s=kitchen&sr=1-20,"IFB 30 L Convection Microwave Oven (30BC5, Black, With Starter Kit)",4.3,202,,,8,ARIHANT E RETAIL,"{'Brand': 'IFB', 'Model': '30BC5', 'Capacity': '30 litres', 'Installation Type': 'Countertop', 'Part Number': '30BC5', 'Form Factor': 'Single Door', 'Special Features': '101 Auto Cook Menus, Steam Clean, Disinfect, Deodorize, Timer option, Digital Clock, Power Save, Overheating Protection, Sensor Malfunction Protection', 'Oven Cooking Mode': 'Convection', 'Burner Type': 'Megatron', 'Colour': 'Black', 'Voltage': '230 Volts', 'Wattage': '800 Watts', 'Fuel Type': 'Electric', 'Defrost System': 'Quick Defrost', 'Door Orientation': 'Left', 'Material': 'Stainless Steel, Glass', 'Included Components': '1 Microwave Oven, Warranty Card, User Manual and Starter Kit', 'Batteries Included': 'No', 'Batteries Required': 'No', 'Manufacturer': 'Guangdong Galanz Microwave Oven and Electrical Appliances Manufacturing Co. Ltd', 'Country of Origin': 'India', 'Imported By': 'IFB'}","{'ASIN': 'B08NQJVWGQ', 'Customer Reviews': '4.3\n202 ratings\n4.3 out of 5 stars', 'Best Sellers Rank': '#9,204 in Home & Kitchen (See Top 100 in Home & Kitchen)\n#19 in Microwave Ovens', 'Date First Available': '17 November 2020', 'Manufacturer': 'Guangdong Galanz Microwave Oven and Electrical Appliances Manufacturing Co. Ltd, Guangdong Galanz Microwave Oven and Electrical Appliances Manufacturing Co. Ltd, Guangdong Galanz Microwave Oven and Electrical Appliances Manufacturing Co. Ltd No 3, East Xingpu Avenue, Huangpu Town, Zhonghshan City, Guangdong China ZIP 528429', 'Packer': 'IFB Industries, Verna Industrial Estate, Goa - 403722', 'Importer': 'IFB Industries, Verna Industrial Estate, Goa - 403722', 'Item Weight': '12 kg', 'Item Dimensions LxWxH': '44 x 60 x 30 Centimeters', 'Net Quantity': '1 Count', 'Generic Name': 'Microwave Ovens'}",IFB,30BC5,30,,Countertop,30BC5,"101 Auto Cook Menus, Steam Clean, Disinfect, Deodorize, Timer option, Digital Clock, Power Save, Overheating Protection, Sensor Malfunction Protection",Convection,Megatron,Black,230 Volts,800 Watts,Electric,Quick Defrost,Left,"Stainless Steel, Glass","1 Microwave Oven, Warranty Card, User Manual and Starter Kit",No,Guangdong Galanz Microwave Oven and Electrical Appliances Manufacturing Co. Ltd,India,,No,,IFB,,,Single Door,,B08NQJVWGQ,17 November 2020,"IFB Industries, Verna Industrial Estate, Goa - 403722","IFB Industries, Verna Industrial Estate, Goa - 403722",12 kg,44 x 60 x 30 Centimeters,1 Count,Microwave Ovens,9204,19
https://www.amazon.in/LG-Convection-Microwave-MC3286BRUM-Black/dp/B01LWE0QJK/ref=sr_1_21?qid=1686464087&s=kitchen&sr=1-21,"LG 32 L Convection Microwave Oven (MC3286BRUM, Black)",4.4,2257,23999,16999,29,DAWNTECH ELECTRONICS PRIVATE LIMITED,"{'Brand': 'LG', 'Model': 'MC3286BRUM', 'Capacity': '32 litres', 'Installation Type': 'Countertop', 'Part Number': 'MC3286BRUM', 'Special Features': 'Programmable, Auto_cook, Control_panel_lock, Defrost, Interior_light, Self-cleaning, Timer, Turntable', 'Oven Cooking Mode': 'Convection', 'Colour': 'Black', 'Voltage': '230 Volts', 'Wattage': '2500 Watts', 'Defrost System': 'Defrost', 'Door Orientation': 'Left', 'Material': 'ABS', 'Included Components': ""Microwave oven, Owner's manual, Recipe manual, Cook book, Shelf, Milk container, Rotisserie bar and handle, Glass tray and tawa and Rotating ring"", 'Batteries Included': 'No', 'Batteries Required': 'No', 'Manufacturer': 'LG'}","{'ASIN': 'B01LWE0QJK', 'Customer Reviews': '4.4\n2,257 ratings\n4.4 out of 5 stars', 'Best Sellers Rank': '#8,304 in Home & Kitchen (See Top 100 in Home & Kitchen)\n#16 in Microwave Ovens', 'Date First Available': '9 September 2016', 'Manufacturer': 'LG', 'Item Weight': '22 kg 600 g', 'Item Dimensions LxWxH': '53 x 31.5 x 52 Centimeters', 'Generic Name': 'Microwave Oven'}",LG,MC3286BRUM,32,,Countertop,MC3286BRUM,"Programmable, Auto_cook, Control_panel_lock, Defrost, Interior_light, Self-cleaning, Timer, Turntable",Convection,,Black,230 Volts,2500 Watts,,Defrost,Left,ABS,"Microwave oven, Owner's manual, Recipe manual, Cook book, Shelf, Milk container, Rotisserie bar and handle, Glass tray and tawa and Rotating ring",No,LG,,,No,,,,,,,B01LWE0QJK,9 September 2016,,,22 kg 600 g,53 x 31.5 x 52 Centimeters,,Microwave Oven,8304,16
https://www.amazon.in/Samsung-Convection-Microwave-MC32A7035CT-TL/dp/B09RB1DDZ2/ref=sr_1_22?qid=1686464087&s=kitchen&sr=1-22,"Samsung 32 L Convection Microwave Oven (MC32A7035CT/TL, Neo stainless silver, SlimFry)",4.4,1614,20000,16990,15,DAWNTECH ELECTRONICS PRIVATE LIMITED,"{'Brand': 'Samsung', 'Model': 'MC32A7035CT/TL', 'Capacity': '32 litres', 'Installation Type': 'Countertop', 'Part Number': '92798458', 'Special Features': 'Auto Cook', 'Oven Cooking Mode': 'Convection', 'Burner Type': 'Ceramic', 'Colour': 'Silver', 'Voltage': '230 Volts', 'Wattage': '900 Watts', 'Fuel Type': 'Electric', 'Defrost System': 'Power Defrost', 'Door Orientation': 'Left', 'Material': 'Stainless Steel', 'Included Components': 'Quick Guide Label, Glass Turntable, Wire Rack, Crusty Plate', 'Batteries Required': 'No', 'Manufacturer': 'Samsung india Pvt Ltd', 'Country of Origin': 'Malaysia'}","{'ASIN': 'B09RB1DDZ2', 'Customer Reviews': '4.4\n1,614 ratings\n4.4 out of 5 stars', 'Best Sellers Rank': '#17,943 in Home & Kitchen (See Top 100 in Home & Kitchen)\n#32 in Microwave Ovens', 'Date First Available': '27 January 2022', 'Manufacturer': 'Samsung india Pvt Ltd, Samsung India Electronics Pvt. Ltd., 6th Floor, DLF Centre, Sansad Marg, New Delhi - 110001 Email : support.india@samsung.com Tel (Toll Free): 1800 40 7267864 (1800 40 SAMSUNG)', 'Packer': 'Samsun Electronics (M) SDN BHD LOT 2, North Klang Straits, Area 21, Industrial Park, 42000 Port Klang, Selangor Darul, Ehsan, West Malaysia, Email : support.india@samsung.com Tel (Toll Free): 1800 40 7267864 (1800 40 SAMSUNG', 'Importer': 'Samsung India Electronics Pvt. Ltd., 6th Floor, DLF Centre, Sansad Marg, New Delhi - 110001 Email : support.india@samsung.com Tel (Toll Free): 1800 40 7267864 (1800 40 SAMSUNG)', 'Item Weight': '20 kg', 'Item Dimensions LxWxH': '50.6 x 52.3 x 30.9 Centimeters', 'Net Quantity': '1 Case', 'Generic Name': 'Convection Microwave Oven'}",Samsung,MC32A7035CT/TL,32,,Countertop,92798458,Auto Cook,Convection,Ceramic,Silver,230 Volts,900 Watts,Electric,Power Defrost,Left,Stainless Steel,"Quick Guide Label, Glass Turntable, Wire Rack, Crusty Plate",No,Samsung india Pvt Ltd,Malaysia,,,,,,,,,B09RB1DDZ2,27 January 2022,"Samsun Electronics (M) SDN BHD LOT 2, North Klang Straits, Area 21, Industrial Park, 42000 Port Klang, Selangor Darul, Ehsan, West Malaysia, Email : support.india@samsung.com Tel (Toll Free): 1800 40 7267864 (1800 40 SAMSUNG","Samsung India Electronics Pvt. Ltd., 6th Floor, DLF Centre, Sansad Marg, New Delhi - 110001 Email : support.india@samsung.com Tel (Toll Free): 1800 40 7267864 (1800 40 SAMSUNG)",20 kg,50.6 x 52.3 x 30.9 Centimeters,1 Case,Convection Microwave Oven,17943,32
https://www.amazon.in/LG-Grill-Microwave-MH2044DB-Black/dp/B00R5QNW8E/ref=sr_1_23?qid=1686464087&s=kitchen&sr=1-23,"LG 20 L Grill Microwave Oven (MH2044DB, Black)",4.3,635,,,,,"{'Brand': 'LG', 'Model': 'MH2044DB.DB1QILN', 'Capacity': '20 litres', 'Volume Capacity Name': '20', 'Installation Type': 'Countertop', 'Part Number': 'MH2044DB', 'Special Features': 'Programmable, Auto_cook, Turntable , Interior_light, Racks, Timer, Control_panel_lock , Defrost, Self-cleaning, Turntable', 'Oven Cooking Mode': 'Grill', 'Colour': 'Black', 'Wattage': '2000 Watts', 'Defrost System': 'Defrost', 'Door Orientation': 'Left', 'Material': 'Metal', 'Included Components': '1', 'Batteries Included': 'No', 'Batteries Required': 'No', 'Manufacturer': 'LG'}","{'ASIN': 'B00R5QNW8E', 'Customer Reviews': '4.3\n635 ratings\n4.3 out of 5 stars', 'Best Sellers Rank': '#8,054 in Home & Kitchen (See Top 100 in Home & Kitchen)\n#15 in Microwave Ovens', 'Date First Available': '18 December 2014', 'Manufacturer': 'LG, LG', 'Packer': 'LG', 'Importer': 'LG', 'Item Weight': '3 kg', 'Item Dimensions LxWxH': '133.9 x 179.1 x 181.1 Centimeters', 'Net Quantity': '1 set', 'Generic Name': 'Microwave Oven'}",LG,MH2044DB.DB1QILN,20,,Countertop,MH2044DB,"Programmable, Auto_cook, Turntable , Interior_light, Racks, Timer, Control_panel_lock , Defrost, Self-cleaning, Turntable",Grill,,Black,,2000 Watts,,Defrost,Left,Metal,1,No,LG,,,No,,,20,,,,B00R5QNW8E,18 December 2014,LG,LG,3 kg,133.9 x 179.1 x 181.1 Centimeters,1 set,Microwave Oven,8054,15
https://www.amazon.in/LG-Charcoal-Convection-Microwave-MJEN326PK/dp/B0816YMD45/ref=sr_1_24?qid=1686464087&s=kitchen&sr=1-24,"LG 32 L All in One Charcoal Convection Microwave Oven (MJEN326PK, Black)",4.2,652,30990,22990,26,DAWNTECH ELECTRONICS PRIVATE LIMITED,"{'Brand': 'LG', 'Model': 'MJEN326PK', 'Capacity': '32 litres', 'Installation Type': 'Freestanding', 'Part Number': 'MJEN326PK', 'Special Features': 'Programmable, Auto_cook, Control_panel_lock, Defrost, Interior_light, Self-cleaning, Timer, Turntable', 'Oven Cooking Mode': 'Convection', 'Colour': 'Black Floral', 'Voltage': '230 Volts', 'Wattage': '2400 Watts', 'Fuel Type': 'Electric', 'Defrost System': 'Defrost', 'Door Orientation': 'Left', 'Material': 'Stainless Steel', 'Included Components': '1', 'Batteries Included': 'No', 'Batteries Required': 'No', 'Manufacturer': 'LG Electronics India Pvt. Ltd.', 'Country of Origin': 'India'}","{'ASIN': 'B0816YMD45', 'Customer Reviews': '4.2\n652 ratings\n4.2 out of 5 stars', 'Best Sellers Rank': '#9,042 in Home & Kitchen (See Top 100 in Home & Kitchen)\n#18 in Microwave Ovens', 'Date First Available': '7 November 2019', 'Manufacturer': 'LG Electronics India Pvt. Ltd., LG Electronics India Pvt. Ltd.', 'Packer': 'LG Electronics India Pvt. Ltd.', 'Importer': 'LG Electronics India Pvt. Ltd.', 'Item Weight': '4 kg 780 g', 'Item Dimensions LxWxH': '2.05 x 2.09 x 1.27 Meters', 'Net Quantity': '1 set', 'Generic Name': 'Microwave Ovens'}",LG,MJEN326PK,32,,Freestanding,MJEN326PK,"Programmable, Auto_cook, Control_panel_lock, Defrost, Interior_light, Self-cleaning, Timer, Turntable",Convection,,Black Floral,230 Volts,2400 Watts,Electric,Defrost,Left,Stainless Steel,1,No,LG Electronics India Pvt. Ltd.,India,,No,,,,,,,B0816YMD45,7 November 2019,LG Electronics India Pvt. Ltd.,LG Electronics India Pvt. Ltd.,4 kg 780 g,2.05 x 2.09 x 1.27 Meters,1 set,Microwave Ovens,9042,18
https://www.amazon.in/LG-Convection-Microwave-MC2846SL-Silver/dp/B01JEKO1WY/ref=sr_1_25?qid=1686464087&s=kitchen&sr=1-25,"LG 28 L Convection Microwave Oven (MC2846SL, Silver)",4.3,1670,17699,11990,32,Official Seller - India,"{'Brand': 'LG', 'Model': 'MC2846SL', 'Capacity': '28 litres', 'Installation Type': 'Countertop', 'Part Number': 'MC2846SL', 'Special Features': 'Programmable, Auto_cook, Control_panel_lock, Defrost, Interior_light, Self-cleaning, Timer, Turntable', 'Oven Cooking Mode': 'Convection', 'Colour': 'Silver', 'Wattage': '1950 Watts', 'Fuel Type': 'Electric', 'Defrost System': 'Defrost', 'Door Orientation': 'Left', 'Material': 'ABS', 'Included Components': 'Also included in the box: 1 Microwave Oven, 1 Glass Tray, 1 Rotating Ring, 1 Owner Manual, 1 Recipe Manual, 1 Cook Book', 'Batteries Included': 'No', 'Batteries Required': 'No', 'Manufacturer': 'LG', 'Country of Origin': 'India'}","{'ASIN': 'B01JEKO1WY', 'Customer Reviews': '4.3\n1,670 ratings\n4.3 out of 5 stars', 'Best Sellers Rank': '#20,661 in Home & Kitchen (See Top 100 in Home & Kitchen)\n#35 in Microwave Ovens', 'Date First Available': '30 July 2016', 'Manufacturer': 'LG, LG Electronics, Udyog Vihar, Surajpur Kasna Road 201306| serviceindia@lge.com | TEL (TOLL FREE) : 1800 315 9999 / 1800 180 9999', 'Packer': 'LG Electronics, Udyog Vihar, Surajpur Kasna Road 201306| serviceindia@lge.com | TEL (TOLL FREE) : 1800 315 9999 / 1800 180 9999', 'Importer': 'LG Electronics, Udyog Vihar, Surajpur Kasna Road 201306| serviceindia@lge.com | TEL (TOLL FREE) : 1800 315 9999 / 1800 180 9999', 'Item Weight': '17 kg 800 g', 'Item Dimensions LxWxH': '49.5 x 51 x 30.5 Centimeters', 'Net Quantity': '1 count', 'Generic Name': 'Microwave Oven'}",LG,MC2846SL,28,,Countertop,MC2846SL,"Programmable, Auto_cook, Control_panel_lock, Defrost, Interior_light, Self-cleaning, Timer, Turntable",Convection,,Silver,,1950 Watts,Electric,Defrost,Left,ABS,"Also included in the box: 1 Microwave Oven, 1 Glass Tray, 1 Rotating Ring, 1 Owner Manual, 1 Recipe Manual, 1 Cook Book",No,LG,India,,No,,,,,,,B01JEKO1WY,30 July 2016,"LG Electronics, Udyog Vihar, Surajpur Kasna Road 201306| serviceindia@lge.com | TEL (TOLL FREE) : 1800 315 9999 / 1800 180 9999","LG Electronics, Udyog Vihar, Surajpur Kasna Road 201306| serviceindia@lge.com | TEL (TOLL FREE) : 1800 315 9999 / 1800 180 9999",17 kg 800 g,49.5 x 51 x 30.5 Centimeters,1 count,Microwave Oven,20661,35
https://www.amazon.in/Bajaj-Grill-Microwave-MTBX-2016/dp/B072KZ373J/ref=sr_1_26?qid=1686464087&s=kitchen&sr=1-26,"Bajaj MTBX 2016 20L Grill Microwave Oven, Black",4.3,2339,,,,,"{'Brand': 'Bajaj', 'Model': 'MTBX 2016', 'Capacity': '20 litres', 'Volume Capacity Name': '20 litres', 'Installation Type': 'Countertop', 'Part Number': '490067', 'Special Features': 'Auto_cook', 'Oven Cooking Mode': 'Grill, Microwave', 'Colour': 'Black', 'Wattage': '800 Watts', 'Defrost System': 'Defrost', 'Door Orientation': 'Left', 'Certification': '(unset)', 'Material': 'Powder Coated Iron', 'Included Components': 'Microwave oven', 'Batteries Included': 'No', 'Manufacturer': 'Bajaj Electricals Ltd'}","{'ASIN': 'B072KZ373J', 'Customer Reviews': '4.3\n2,339 ratings\n4.3 out of 5 stars', 'Best Sellers Rank': '#23,949 in Home & Kitchen (See Top 100 in Home & Kitchen)\n#37 in Microwave Ovens', 'Date First Available': '28 April 2017', 'Manufacturer': 'Bajaj Electricals Ltd, Bajaj Electricals Ltd', 'Packer': 'Imported and Marketed by Bajaj Electricals Ltd 45/47, Veer Nariman Road, Mumbai, 400001', 'Importer': 'Bajaj Electricals Ltd', 'Item Weight': '11 kg 300 g', 'Item Dimensions LxWxH': '20.9 x 15.7 x 12.9 Centimeters', 'Net Quantity': '1 set'}",Bajaj,MTBX 2016,20,,Countertop,490067,Auto_cook,"Grill, Microwave",,Black,,800 Watts,,Defrost,Left,Powder Coated Iron,Microwave oven,,Bajaj Electricals Ltd,,,No,,,20 litres,,,(unset),B072KZ373J,28 April 2017,"Imported and Marketed by Bajaj Electricals Ltd 45/47, Veer Nariman Road, Mumbai, 400001",Bajaj Electricals Ltd,11 kg 300 g,20.9 x 15.7 x 12.9 Centimeters,1 set,,23949,37
https://www.amazon.in/LG-Charcoal-Convection-Microwave-MJEN286UI/dp/B0B4Z2N3V9/ref=sr_1_28?qid=1686465817&s=kitchen&sr=1-28,"LG 28 L Charcoal Convection All In One Microwave Oven (MJEN286UI, Black, Healthy Heart Auto Cook Menu)",4.2,59,,,,,"{'Brand': 'LG', 'Model': 'MJEN286UI', 'Capacity': '28 litres', 'Installation Type': 'Countertop', 'Part Number': '2EPM0001', 'Form Factor': 'Single Oven', 'Special Features': 'Auto Cook, Defrost, Turntable, Racks, Steam clean', 'Oven Cooking Mode': 'Convection', 'Burner Type': 'Quartz', 'Colour': 'Black', 'Voltage': '230 Volts', 'Wattage': '1950 Watts', 'Fuel Type': 'Electric', 'Defrost System': 'Auto Defrost', 'Door Orientation': 'Side swing', 'Material': 'Stainless Steel, Glass', 'Included Components': 'Microwave Oven: 1U, Glass Tray: 1U, Rotating Ring 1U, Owner’s Manual: 1U', 'Batteries Included': 'No', 'Batteries Required': 'No', 'Manufacturer': 'LG Electronics India Pvt. Ltd.'}","{'ASIN': 'B0B4Z2N3V9', 'Customer Reviews': '4.2\n59 ratings\n4.2 out of 5 stars', 'Best Sellers Rank': '#14,625 in Home & Kitchen (See Top 100 in Home & Kitchen)\n#30 in Microwave Ovens', 'Date First Available': '23 June 2022', 'Manufacturer': 'LG Electronics India Pvt. Ltd., LG Electronics India Pvt. Ltd., 51, Udyog Vihar, Greater Noida (U.P)-201306 | E-Mail: serviceindia@lge.com | TEL (TOLL FREE) : 1800-315-9999, WhatsApp : 9711709999', 'Packer': 'LG Electronics India Pvt. Ltd., 51, Udyog Vihar, Greater Noida (U.P)-201306 | E-Mail: serviceindia@lge.com | TEL (TOLL FREE) : 1800-315-9999, WhatsApp : 9711709999', 'Importer': 'A-24/6, Mohan Cooperative Industrial Estate, Mathura Road, New Delhi-110044', 'Item Weight': '19 kg 400 g', 'Item Dimensions LxWxH': '48.8 x 51.2 x 31.1 Centimeters', 'Net Quantity': '1 Piece', 'Generic Name': 'Convection Microwave Oven'}",LG,MJEN286UI,28,,Countertop,2EPM0001,"Auto Cook, Defrost, Turntable, Racks, Steam clean",Convection,Quartz,Black,230 Volts,1950 Watts,Electric,Auto Defrost,Side swing,"Stainless Steel, Glass","Microwave Oven: 1U, Glass Tray: 1U, Rotating Ring 1U, Owner’s Manual: 1U",No,LG Electronics India Pvt. Ltd.,,,No,,,,,Single Oven,,B0B4Z2N3V9,23 June 2022,"LG Electronics India Pvt. Ltd., 51, Udyog Vihar, Greater Noida (U.P)-201306 | E-Mail: serviceindia@lge.com | TEL (TOLL FREE) : 1800-315-9999, WhatsApp : 9711709999","A-24/6, Mohan Cooperative Industrial Estate, Mathura Road, New Delhi-110044",19 kg 400 g,48.8 x 51.2 x 31.1 Centimeters,1 Piece,Convection Microwave Oven,14625,30
https://www.amazon.in/LG-Convection-Microwave-MC2146BV-Black/dp/B06XK8RY1Q/ref=sr_1_29?qid=1686465817&s=kitchen&sr=1-29,"LG 21 L Convection Microwave Oven (MC2146BV, Black)",4.4,899,14499,10390,28,DAWNTECH ELECTRONICS PRIVATE LIMITED,"{'Brand': 'LG', 'Model': 'MC2146BV.DBKQILN', 'Capacity': '21 litres', 'Installation Type': 'Countertop', 'Part Number': 'MC2146BV.DBKQILN', 'Special Features': 'Programmable, Auto_cook, Defrost, Interior_light, Timer,Turntable, Control_panel_lock, Self-cleaning,', 'Oven Cooking Mode': 'Convection', 'Colour': 'Black', 'Wattage': '1860 Watts', 'Defrost System': 'Defrost', 'Door Orientation': 'Left', 'Included Components': '21L Capacity: Suitable for bachelors or small families;Convection: Can be used for baking along with grilling, reheating, defrosting and cooking;Warranty: 1 year on product;Brand does NOT provide starter kit with this product;151 auto cook;Qaurtz heater', 'Batteries Included': 'No', 'Batteries Required': 'No', 'Manufacturer': 'LG', 'Country of Origin': 'India'}","{'ASIN': 'B06XK8RY1Q', 'Customer Reviews': '4.4\n899 ratings\n4.4 out of 5 stars', 'Best Sellers Rank': '#10,337 in Home & Kitchen (See Top 100 in Home & Kitchen)\n#22 in Microwave Ovens', 'Date First Available': '14 March 2017', 'Manufacturer': 'LG, Manufacturer Name ltd., Street No. 24/4, New Delhi, India - 110011, Contact: +91-801-000-2400, service@manufacturer.com', 'Packer': 'Packer Name ltd., Street No. 24/4, New Delhi, India - 110011, Contact: +91-221-000-2400, service@packer.com', 'Item Weight': '18 kg 600 g', 'Item Dimensions LxWxH': '46 x 25.5 x 44.5 Centimeters', 'Net Quantity': '1 count', 'Generic Name': 'Microwave Ovens'}",LG,MC2146BV.DBKQILN,21,,Countertop,MC2146BV.DBKQILN,"Programmable, Auto_cook, Defrost, Interior_light, Timer,Turntable, Control_panel_lock, Self-cleaning,",Convection,,Black,,1860 Watts,,Defrost,Left,,"21L Capacity: Suitable for bachelors or small families;Convection: Can be used for baking along with grilling, reheating, defrosting and cooking;Warranty: 1 year on product;Brand does NOT provide starter kit with this product;151 auto cook;Qaurtz heater",No,LG,India,,No,,,,,,,B06XK8RY1Q,14 March 2017,"Packer Name ltd., Street No. 24/4, New Delhi, India - 110011, Contact: +91-221-000-2400, service@packer.com",,18 kg 600 g,46 x 25.5 x 44.5 Centimeters,1 count,Microwave Ovens,10337,22
https://www.amazon.in/LG-Charcoal-Convection-Microwave-MJ2887BFUM/dp/B09M7DH9LJ/ref=sr_1_30?qid=1686465817&s=kitchen&sr=1-30,"LG 28 L Charcoal Convection Microwave Oven (MJ2887BFUM, Black)",4.4,2749,19807,18590,6,Official Seller - India,"{'Brand': 'LG', 'Model': 'MJ2887BFUM', 'Capacity': '28 litres', 'Installation Type': 'Countertop', 'Part Number': '2l2X0503', 'Form Factor': 'Single Oven', 'Special Features': 'Auto Cook, Timer, Defrost, Turntable, Steam clean', 'Oven Cooking Mode': 'Convection', 'Burner Type': 'Charcoal Heater', 'Colour': 'Black', 'Voltage': '230 Volts', 'Wattage': '900 Watts', 'Fuel Type': 'Electric', 'Defrost System': 'Quick Defrost', 'Door Orientation': 'Right', 'Material': 'Stainless Steel, Glass', 'Included Components': '1U Microwave Oven; 1U Glass Tray; 1U Rotating Ring; 1U Owner’s Manual', 'Batteries Included': 'No', 'Batteries Required': 'No', 'Manufacturer': 'LG INDIA PVT LIMITED', 'Country of Origin': 'India'}","{'ASIN': 'B09M7DH9LJ', 'Customer Reviews': '4.4\n2,749 ratings\n4.4 out of 5 stars', 'Best Sellers Rank': '#47,688 in Home & Kitchen (See Top 100 in Home & Kitchen)\n#47 in Microwave Ovens', 'Date First Available': '18 November 2021', 'Manufacturer': 'LG INDIA PVT LIMITED, LG Electronics India Pvt. Ltd. 51, Udyog Vihar, Greater Noida (UP)-201306 | serviceindia@lge.com | TEL (TOLL FREE) : 1800 315 9999 / 1800 180 9999 | serviceindia@lge.com', 'Packer': 'LG Electronics India Pvt. Ltd., LG Electronics, Udyog Vihar, Surajpur Kasna Road-201306, LG Electronics India Pvt. Ltd., LG Electronics, Udyog Vihar, Surajpur Kasna Road 201306| serviceindia@lge.com | TEL (TOLL FREE) : 1800 315 9999 / 1800 180 9999', 'Importer': 'A-24/6, Mohan Cooperative Ind. Estate, Mathura Road, New Delhi-110044', 'Item Weight': '18 kg 800 g', 'Item Dimensions LxWxH': '51 x 51 x 30.5 Centimeters', 'Net Quantity': '1 Piece', 'Generic Name': 'Convection Microwave Oven'}",LG,MJ2887BFUM,28,,Countertop,2l2X0503,"Auto Cook, Timer, Defrost, Turntable, Steam clean",Convection,Charcoal Heater,Black,230 Volts,900 Watts,Electric,Quick Defrost,Right,"Stainless Steel, Glass",1U Microwave Oven; 1U Glass Tray; 1U Rotating Ring; 1U Owner’s Manual,No,LG INDIA PVT LIMITED,India,,No,,,,,Single Oven,,B09M7DH9LJ,18 November 2021,"LG Electronics India Pvt. Ltd., LG Electronics, Udyog Vihar, Surajpur Kasna Road-201306, LG Electronics India Pvt. Ltd., LG Electronics, Udyog Vihar, Surajpur Kasna Road 201306| serviceindia@lge.com | TEL (TOLL FREE) : 1800 315 9999 / 1800 180 9999","A-24/6, Mohan Cooperative Ind. Estate, Mathura Road, New Delhi-110044",18 kg 800 g,51 x 51 x 30.5 Centimeters,1 Piece,Convection Microwave Oven,47688,47
https://www.amazon.in/LG-Charcoal-Convection-Microwave-MJEN326SF/dp/B07XZ1BW5P/ref=sr_1_31?qid=1686465817&s=kitchen&sr=1-31,"LG 32 L Charcoal Convection Microwave Oven (MJEN326SF, Black)",4.4,235,,,3,Kitchen Brand Store (IndiaBrandstore),"{'Brand': 'LG', 'Model': 'MJEN326SF', 'Capacity': '32 litres', 'Installation Type': 'Freestanding', 'Part Number': 'MJEN326SF', 'Special Features': 'Programmable, Auto_cook, Control_panel_lock, Defrost, Interior_light, Self-cleaning, Timer, Turntable', 'Oven Cooking Mode': 'Convection', 'Colour': 'Black', 'Voltage': '230 Volts', 'Wattage': '2400 Watts', 'Fuel Type': 'Electric', 'Defrost System': 'Defrost', 'Door Orientation': 'Left', 'Material': 'Stainless Steel', 'Included Components': '1 unit of machine, 1 unit of drain hose, 1 unit OT hose, 1 unit of QRG, 1 unit of user manual', 'Batteries Included': 'No', 'Batteries Required': 'No', 'Manufacturer': 'LG Electronics India Pvt. Ltd.', 'Country of Origin': 'India'}","{'ASIN': 'B07XZ1BW5P', 'Customer Reviews': '4.4\n235 ratings\n4.4 out of 5 stars', 'Best Sellers Rank': '#121,664 in Home & Kitchen (See Top 100 in Home & Kitchen)\n#73 in Microwave Ovens', 'Date First Available': '17 September 2019', 'Manufacturer': 'LG Electronics India Pvt. Ltd., LG Electronics, Udyog Vihar, Surajpur Kasna Road 201306| serviceindia@lge.com | TEL (TOLL FREE) : 1800 315 9999 / 1800 180 9999', 'Packer': 'LG Electronics, Udyog Vihar, Surajpur Kasna Road 201306| serviceindia@lge.com | TEL (TOLL FREE) : 1800 315 9999 / 1800 180 9999', 'Importer': 'LG ELECTRONICS, PLOT NO. A-5, M.I.D.C RANJANGAON, TAL SHIRUR ,PUNE--412220 RANJANGAON -412220 Maharashtra | TEL (TOLL FREE) : 1800 315 9999 / 1800 180 9999 | serviceindia@lge.com', 'Item Weight': '81 kg', 'Item Dimensions LxWxH': '64 x 60 x 85 Centimeters', 'Net Quantity': '1 count', 'Generic Name': 'Microwave Ovens'}",LG,MJEN326SF,32,,Freestanding,MJEN326SF,"Programmable, Auto_cook, Control_panel_lock, Defrost, Interior_light, Self-cleaning, Timer, Turntable",Convection,,Black,230 Volts,2400 Watts,Electric,Defrost,Left,Stainless Steel,"1 unit of machine, 1 unit of drain hose, 1 unit OT hose, 1 unit of QRG, 1 unit of user manual",No,LG Electronics India Pvt. Ltd.,India,,No,,,,,,,B07XZ1BW5P,17 September 2019,"LG Electronics, Udyog Vihar, Surajpur Kasna Road 201306| serviceindia@lge.com | TEL (TOLL FREE) : 1800 315 9999 / 1800 180 9999","LG ELECTRONICS, PLOT NO. A-5, M.I.D.C RANJANGAON, TAL SHIRUR ,PUNE--412220 RANJANGAON -412220 Maharashtra | TEL (TOLL FREE) : 1800 315 9999 / 1800 180 9999 | serviceindia@lge.com",81 kg,64 x 60 x 85 Centimeters,1 count,Microwave Ovens,121664,73
https://www.amazon.in/Voltas-Beko-Convection-Microwave-MC28BD/dp/B07NHVP6KW/ref=sr_1_32?qid=1686465817&s=kitchen&sr=1-32,"Voltas Beko 28 L Convection Microwave Oven, 5 power levels (MC28BD, Black)",4.2,20,,,47,,"{'Brand': 'Voltas Beko', 'Model': 'MC28BD', 'Capacity': '28 litres', 'Volume Capacity Name': '28 litres', 'Installation Type': 'Freestanding', 'Part Number': '1300008', 'Special Features': 'Digital Display, Large Turntable and 5 power levels, Voltas microwave comes with Auto Cooking, Active Defrosting', 'Oven Cooking Mode': 'Convection', 'Colour': 'Inox', 'Voltage': '230 Volts', 'Wattage': '900 Watts', 'Fuel Type': 'Electric', 'Defrost System': 'Defrost', 'Door Orientation': 'Left', 'Material': 'Stainless Steel', 'Included Components': 'Microwave Oven , User Manual , Glass Tray , Roller Ring,Griller , Power Cable', 'Batteries Required': 'No', 'Manufacturer': 'Voltas Beko (Deemed)', 'Country of Origin': 'China'}","{'ASIN': 'B07NHVP6KW', 'Customer Reviews': '4.2\n20 ratings\n4.2 out of 5 stars', 'Best Sellers Rank': '#84,828 in Home & Kitchen (See Top 100 in Home & Kitchen)\n#58 in Microwave Ovens', 'Date First Available': '8 February 2019', 'Manufacturer': 'Voltas Beko (Deemed), (Deemed) Voltbek Home Appliances Pvt. Ltd. Voltas House A Chinchpokli Mumbai-400033 Contact: 1860 599 4444', 'Packer': '(Deemed) Voltbek Home Appliances Pvt. Ltd. Voltas House A Chinchpokli Mumbai-400033 Contact: 1860 599 4444', 'Importer': 'Voltbek Home Appliances Pvt. Ltd. Voltas House A Chinchpokli Mumbai-400033 Contact: 1860 599 4444', 'Item Weight': '13 kg 700 g', 'Item Dimensions LxWxH': '41 x 48.5 x 29.2 Centimeters', 'Net Quantity': '1 Units', 'Generic Name': 'Microwave'}",Voltas Beko,MC28BD,28,,Freestanding,1300008,"Digital Display, Large Turntable and 5 power levels, Voltas microwave comes with Auto Cooking, Active Defrosting",Convection,,Inox,230 Volts,900 Watts,Electric,Defrost,Left,Stainless Steel,"Microwave Oven , User Manual , Glass Tray , Roller Ring,Griller , Power Cable",No,Voltas Beko (Deemed),China,,,,,28 litres,,,,B07NHVP6KW,8 February 2019,(Deemed) Voltbek Home Appliances Pvt. Ltd. Voltas House A Chinchpokli Mumbai-400033 Contact: 1860 599 4444,Voltbek Home Appliances Pvt. Ltd. Voltas House A Chinchpokli Mumbai-400033 Contact: 1860 599 4444,13 kg 700 g,41 x 48.5 x 29.2 Centimeters,1 Units,Microwave,84828,58
https://www.amazon.in/Haier-Convection-Microwave-HIL2501CBSH-HAL2WBlack/dp/B0861SL97J/ref=sr_1_33?qid=1686465817&s=kitchen&sr=1-33,"Haier 25 L Convection Microwave Oven (HIL2501CBSH, HAL2WBlack)",4.3,50,18999,12499,34,Official Seller - India,"{'Brand': 'Haier', 'Model': 'HIL2501CBSH', 'Energy Consumption': '950 Watts', 'Capacity': '25 litres', 'Installation Type': 'Countertop', 'Part Number': 'HIL2501CBSH', 'Special Features': 'Child Lock Available, Turntable', 'Oven Cooking Mode': 'Convection', 'Colour': 'Black', 'Voltage': '230 Volts', 'Fuel Type': 'Electric', 'Defrost System': 'Auto Defrost', 'Door Orientation': 'Left', 'Material': 'Iron', 'Included Components': '1 Set ( Include Glass Turntable, roller ring and coupler), 1 user manual & Warranty card', 'Batteries Required': 'No', 'Manufacturer': 'Guangdong Midea Kitchen Appliences Manufacturing Co. Ltd.', 'Country of Origin': 'India'}","{'ASIN': 'B0861SL97J', 'Customer Reviews': '4.3\n50 ratings\n4.3 out of 5 stars', 'Best Sellers Rank': '#277,702 in Home & Kitchen (See Top 100 in Home & Kitchen)\n#118 in Microwave Ovens', 'Date First Available': '17 March 2020', 'Manufacturer': 'Guangdong Midea Kitchen Appliences Manufacturing Co. Ltd., Haier Appliances India Pvt Ltd', 'Item Weight': '18 kg', 'Item Dimensions LxWxH': '50 x 51.2 x 30.5 Centimeters', 'Generic Name': 'Microwave Ovens'}",Haier,HIL2501CBSH,25,,Countertop,HIL2501CBSH,"Child Lock Available, Turntable",Convection,,Black,230 Volts,,Electric,Auto Defrost,Left,Iron,"1 Set ( Include Glass Turntable, roller ring and coupler), 1 user manual & Warranty card",No,Guangdong Midea Kitchen Appliences Manufacturing Co. Ltd.,India,950 Watts,,,,,,,,B0861SL97J,17 March 2020,,,18 kg,50 x 51.2 x 30.5 Centimeters,,Microwave Ovens,277702,118
